Workbook

Sheet Innstillinger
A1: EVM-arbeidsbok — Nye Hædda barneskole
A3: Parameter | B3: Verdi | C3: Kommentar
A4: Prosjektnavn | B4: Nye Hædda barneskole | C4: Fast
A5: BAC (Budget at Completion) | B5: 100000000 | C5: Total godkjent budsjett — fra Bårds tall
A6: Prosjektstart | B6: Januar 2026 | C6: Fra MS Project
A7: Prosjektslutt (planlagt) | B7: August 2026 | C7: Fra MS Project
A8: Antall måneder | B8: 8 | C8: Beregnes fra start–slutt
A9: Valuta | B9: NOK (kr)
A10: Versjon | B10: 1.0 — sample-data | C10: Bytt sample-data ut med Bårds tall i 'Inngang'-arket

Sheet Inngang
A1: Månedlig inngang — PV planlagt, AC faktisk, % complete
A2: GUL = manuell input. Rader for fremtidige måneder kan stå tomme.
A4: Måned | B4: PV planlagt (kr) | C4: AC faktisk (kr) | D4: % complete kum. | E4: Kommentar
A5: Jan 2026 | B5: 3000000 | C5: 3500000 | D5: 0.025
A6: Feb 2026 | B6: 7000000 | C6: 7800000 | D6: 0.09
A7: Mar 2026 | B7: 12000000 | C7: 13200000 | D7: 0.195
A8: Apr 2026 | B8: 18000000 | C8: 19500000 | D8: 0.36
A9: Mai 2026 | B9: 22000000
A10: Jun 2026 | B10: 18000000
A11: Jul 2026 | B11: 12000000
A12: Aug 2026 | B12: 8000000
A13: SUM PV (skal være = BAC) | B13: =SUM(B5:B12)

Sheet Dashboard
A1: Dashboard — EVM, S-kurve, KPI-er
A3: Sist oppdaterte måned (autodetekt): | B3: =INDEX(Inngang!A5:A12,MATCH(1E+300,Inngang!C5:C12))
B4: BAC | C4: PV kum. | D4: EV kum. | E4: AC kum. | F4: CPI | G4: SPI | H4: EAC | I4: VAC
B5: ='Innstillinger'!B5 | C5: =INDEX(B9:B16,MATCH(1E+300,B9:B16)) | D5: =INDEX(C9:C16,MATCH(1E+300,C9:C16)) | E5: =INDEX(D9:D16,MATCH(1E+300,D9:D16)) | F5: =INDEX(E9:E16,MATCH(1E+300,E9:E16)) | G5: =INDEX(F9:F16,MATCH(1E+300,F9:F16)) | H5: =INDEX(G9:G16,MATCH(1E+300,G9:G16)) | I5: =INDEX(H9:H16,MATCH(1E+300,H9:H16))
A7: Måned-for-måned EVM
A8: Måned | B8: PV kum (kr) | C8: EV kum (kr) | D8: AC kum (kr) | E8: CPI | F8: SPI | G8: EAC (kr) | H8: VAC (kr) | I8: Status
A9: =Inngang!A5 | B9: =IF(Inngang!B5="","",SUM(Inngang!B$5:B5)) | C9: =IF(Inngang!D5="","",Innstillinger!B$5*Inngang!D5) | D9: =IF(Inngang!C5="","",SUM(Inngang!C$5:C5)) | E9: =IFERROR(C9/D9,"") | F9: =IFERROR(C9/B9,"") | G9: =IFERROR(Innstillinger!B$5/E9,"") | H9: =IFERROR(Innstillinger!B$5-G9,"") | I9: =IF(E9="","Ikke startet",IF(AND(E9>=1,F9>=1),"På plan",IF(OR(E9<0.9,F9<0.9),"Kritisk avvik","Mindre avvik")))
A10: =Inngang!A6 | B10: =IF(Inngang!B6="","",SUM(Inngang!B$5:B6)) | C10: =IF(Inngang!D6="","",Innstillinger!B$5*Inngang!D6) | D10: =IF(Inngang!C6="","",SUM(Inngang!C$5:C6)) | E10: =IFERROR(C10/D10,"") | F10: =IFERROR(C10/B10,"") | G10: =IFERROR(Innstillinger!B$5/E10,"") | H10: =IFERROR(Innstillinger!B$5-G10,"") | I10: =IF(E10="","Ikke startet",IF(AND(E10>=1,F10>=1),"På plan",IF(OR(E10<0.9,F10<0.9),"Kritisk avvik","Mindre avvik")))
A11: =Inngang!A7 | B11: =IF(Inngang!B7="","",SUM(Inngang!B$5:B7)) | C11: =IF(Inngang!D7="","",Innstillinger!B$5*Inngang!D7) | D11: =IF(Inngang!C7="","",SUM(Inngang!C$5:C7)) | E11: =IFERROR(C11/D11,"") | F11: =IFERROR(C11/B11,"") | G11: =IFERROR(Innstillinger!B$5/E11,"") | H11: =IFERROR(Innstillinger!B$5-G11,"") | I11: =IF(E11="","Ikke startet",IF(AND(E11>=1,F11>=1),"På plan",IF(OR(E11<0.9,F11<0.9),"Kritisk avvik","Mindre avvik")))
A12: =Inngang!A8 | B12: =IF(Inngang!B8="","",SUM(Inngang!B$5:B8)) | C12: =IF(Inngang!D8="","",Innstillinger!B$5*Inngang!D8) | D12: =IF(Inngang!C8="","",SUM(Inngang!C$5:C8)) | E12: =IFERROR(C12/D12,"") | F12: =IFERROR(C12/B12,"") | G12: =IFERROR(Innstillinger!B$5/E12,"") | H12: =IFERROR(Innstillinger!B$5-G12,"") | I12: =IF(E12="","Ikke startet",IF(AND(E12>=1,F12>=1),"På plan",IF(OR(E12<0.9,F12<0.9),"Kritisk avvik","Mindre avvik")))
A13: =Inngang!A9 | B13: =IF(Inngang!B9="","",SUM(Inngang!B$5:B9)) | C13: =IF(Inngang!D9="","",Innstillinger!B$5*Inngang!D9) | D13: =IF(Inngang!C9="","",SUM(Inngang!C$5:C9)) | E13: =IFERROR(C13/D13,"") | F13: =IFERROR(C13/B13,"") | G13: =IFERROR(Innstillinger!B$5/E13,"") | H13: =IFERROR(Innstillinger!B$5-G13,"") | I13: =IF(E13="","Ikke startet",IF(AND(E13>=1,F13>=1),"På plan",IF(OR(E13<0.9,F13<0.9),"Kritisk avvik","Mindre avvik")))
A14: =Inngang!A10 | B14: =IF(Inngang!B10="","",SUM(Inngang!B$5:B10)) | C14: =IF(Inngang!D10="","",Innstillinger!B$5*Inngang!D10) | D14: =IF(Inngang!C10="","",SUM(Inngang!C$5:C10)) | E14: =IFERROR(C14/D14,"") | F14: =IFERROR(C14/B14,"") | G14: =IFERROR(Innstillinger!B$5/E14,"") | H14: =IFERROR(Innstillinger!B$5-G14,"") | I14: =IF(E14="","Ikke startet",IF(AND(E14>=1,F14>=1),"På plan",IF(OR(E14<0.9,F14<0.9),"Kritisk avvik","Mindre avvik")))
A15: =Inngang!A11 | B15: =IF(Inngang!B11="","",SUM(Inngang!B$5:B11)) | C15: =IF(Inngang!D11="","",Innstillinger!B$5*Inngang!D11) | D15: =IF(Inngang!C11="","",SUM(Inngang!C$5:C11)) | E15: =IFERROR(C15/D15,"") | F15: =IFERROR(C15/B15,"") | G15: =IFERROR(Innstillinger!B$5/E15,"") | H15: =IFERROR(Innstillinger!B$5-G15,"") | I15: =IF(E15="","Ikke startet",IF(AND(E15>=1,F15>=1),"På plan",IF(OR(E15<0.9,F15<0.9),"Kritisk avvik","Mindre avvik")))
A16: =Inngang!A12 | B16: =IF(Inngang!B12="","",SUM(Inngang!B$5:B12)) | C16: =IF(Inngang!D12="","",Innstillinger!B$5*Inngang!D12) | D16: =IF(Inngang!C12="","",SUM(Inngang!C$5:C12)) | E16: =IFERROR(C16/D16,"") | F16: =IFERROR(C16/B16,"") | G16: =IFERROR(Innstillinger!B$5/E16,"") | H16: =IFERROR(Innstillinger!B$5-G16,"") | I16: =IF(E16="","Ikke startet",IF(AND(E16>=1,F16>=1),"På plan",IF(OR(E16<0.9,F16<0.9),"Kritisk avvik","Mindre avvik")))
A38: Forklaring av KPI-er
A39: PV (Planned Value) | B39: Hvor mye arbeid var planlagt utført pr dato (i kr — basert på baseline).
A40: EV (Earned Value) | B40: Hvor mye arbeid faktisk er utført, målt i planverdi (BAC × % complete).
A41: AC (Actual Cost) | B41: Hvor mye prosjektet har kostet til nå.
A42: CPI = EV/AC | B42: Kostnadsindeks. >1 = under budsjett. <1 = over budsjett.
A43: SPI = EV/PV | B43: Tidsindeks. >1 = foran skjema. <1 = bak skjema.
A44: EAC = BAC/CPI | B44: Estimat ved ferdigstillelse — hva prosjektet vil koste totalt hvis nåværende CPI holder.
A45: VAC = BAC - EAC | B45: Variance at completion — forventet over-/underforbruk ved ferdigstillelse.

Sheet Bruksanvisning
A1: Bruksanvisning — EVM-arbeidsbok
A3: FORMÅL:
A4: Denne arbeidsboken gjør det mulig å rapportere KPI-er og S-kurve i månedsrapportene
A5: (LOG565 fase 3) basert på Bårds returnerte estimater + faktisk fremdrift fra MS Project.
A7: KOM I GANG:
A8: 1. Åpne 'Innstillinger' og oppdater BAC til Bårds totalbudsjett etter crashing.
A9: 2. Åpne 'Inngang' og bytt sample-tall mot riktige PV-verdier per måned.
A10: (PV per måned = planlagt fakturering eller verdiskaping basert på Baseline 1 i MS Project.)
A11: 3. For hver rapporteringsperiode i fase 3:
A12: • Skriv inn AC faktisk (hva prosjektet faktisk har brukt så langt den måneden)
A13: • Skriv inn % complete kum. (totalt utført arbeid målt i % av BAC)
A14: 4. Dashboard-arket beregner alt automatisk og oppdaterer S-kurven.
... A29: utvide kolonnene i 'Inngang' og 'Dashboard' tilsvarende.
